{
    "Portál ČHMÚ": "https://www.chmi.cz/",
    "Výstraha SIVS CHMU": "https://www.chmi.cz/files/portal/docs/meteo/om/vystrahy/index.html",
    "Výstraha METEOALARM": "https://meteoalarm.org/",
    "Model ALADIN": "https://www.chmi.cz/files/portal/docs/meteo/ov/aladin/results/ala.html",
    "Aktuální srážky": "https://hydro.chmi.cz/hpps/main_rain.php",
    "Indikátor přívalových povodní ČHMÚ": "https://experience.arcgis.com/experience/f7ada465fba941399057cbce595e59e0/",
    "Nowcasting radary ČHMÚ": "https://www.chmi.cz/files/portal/docs/meteo/rad/inca-cz/short.html",
    "Sloučené radarové snímky": "https://www.windy.com/",
    "Meteoradar Zlínského kraje": "https://meteoradar.kr-zlinsky.cz/"
}