{
    "components": [
        "animationbar.html",
        "controlbar.html",
        "filtervalues.html",
        "footer.html",
        "header.html",
        "legend_konv.html",
        "legend_num.html",
        "legend_prival.html",
        "map.html",
        "mapinfo.html",
        "orpinfo.html",
        "select.html",
        "tableoutput.html"
    ],
    "js": [
        "animationbar.js",
        "controlbar.js",
        "footer.js",
        "header.js",
        "legend.js",
        "main.js",
        "map.js",
        "mapinfo.js",
        "mainoutputlist.js",
        "orpinfo.js",
        "secondaryoutputlist.js",
        "setup.js",
        "tableoutput.js"
    ],
    "app": "app.json",
    "data": "data.json",
    "root": "root.json",
    "links": "links.json",
    "svgMap": "mapa_CR.svg",
    "svgCompass": "compass.svg"
}