{"validdata":false,"missingdata":["Model_ALADIN_CZ:Srážky_MAIN","Model_WRF_ARW:Srážky_MAIN","Model_WRF_NMM_FLYMET_Srážky:Srážky_MAIN","Model_GFS_Wetter3_DE_25km:Wet_bulb_temp","Model_WRF_NMM_FLYMET:Vítr_10m","Model_WRF_NMM_FLYMET:Vítr_850","Model_WRF_NMM_FLYMET:Vítr_700","Model_WRF_NMM_FLYMET:Vítr_600","Model_WRF_NMM_FLYMET:Vítr_500","Model_GFS_FLYMET_50km:Vítr_400","Model_GFS_FLYMET_50km:Vítr_300","Model_GFS_Wetter3_DE_50km:Frontogeneze_parametr_850_hPa","Model_WRF_ARW:SRH_3km_WRF_ARW","Model_GFS_Lightning_Wizard_50km:Mixing_Ratio_0-1km","Model_WRF_ARW:Potential_Orographic_Lift","Model_WRF_ARW:Pwater","Model_WRF_ARW:MFDIV_0-1km","Model_WRF_ARW:Relativní_vlhkost_700","Model_ALADIN_CZ:Relativní_vlhkost_1000","Model_WRF_ARW:Tlaková_tendence_MSLP","Model_GFS_Wetter3_DE_25km:MLCAPE+LI_Wetter_3_de","Model_GFS_Wetter3_DE_25km:MLCIN_Wetter_3_de","Model_GFS_Wetter3_DE_25km:Teplota_850hPa","Model_GFS_Lightning_Wizard_50km:MUCAPE","Model_WRF_ARW:Relativni_vorticita_500_hPa_WRF","Model_GFS_Meteomodel_PL_25km:DLS"],"date":"08.06.2023","samplename":["21"],"majorconvectiontype":["Nejsou k dispozici žádná data!"],"majorconvectionsupertype":["Nejsou k dispozici žádná data!"],"maindata":[[["-1","-1","-1","-1","-1","-1","-1","-1","-1","-1","-1","-1","-1","-1","-1","-1","-1","-1","-1","-1","-1","-1","-1","-1","-1","-1","-1","-1","-1","-1","-1","-1","-1","-1","-1","-1","-1","-1","-1","-1","-1","-1","-1","-1","-1","-1","-1","-1","-1","-1","-1","-1","-1","-1","-1","-1","-1","-1","-1","-1","-1","-1","-1","-1","-1","-1","-1","-1","-1","-1","-1","-1","-1","-1","-1","-1","-1","-1","-1","-1","-1","-1","-1","-1","-1","-1","-1","-1","-1","-1","-1","-1","-1","-1","-1","-1","-1","-1","-1","-1","-1","-1","-1","-1","-1","-1","-1","-1","-1","-1","-1","-1","-1","-1","-1","-1","-1","-1","-1","-1","-1","-1","-1","-1","-1","-1","-1","-1","-1","-1","-1","-1","-1","-1","-1","-1","-1","-1","-1","-1","-1","-1","-1","-1","-1","-1","-1","-1","-1","-1","-1","-1","-1","-1","-1","-1","-1","-1","-1","-1","-1","-1","-1","-1","-1","-1","-1","-1","-1","-1","-1","-1","-1","-1","-1","-1","-1","-1","-1","-1","-1","-1","-1","-1","-1","-1","-1","-1","-1","-1","-1","-1","-1","-1","-1","-1","-1","-1","-1","-1","-1","-1","-1","-1","-1","-1"],["-1","-1","-1","-1","-1","-1","-1","-1","-1","-1","-1","-1","-1","-1","-1","-1","-1","-1","-1","-1","-1","-1","-1","-1","-1","-1","-1","-1","-1","-1","-1","-1","-1","-1","-1","-1","-1","-1","-1","-1","-1","-1","-1","-1","-1","-1","-1","-1","-1","-1","-1","-1","-1","-1","-1","-1","-1","-1","-1","-1","-1","-1","-1","-1","-1","-1","-1","-1","-1","-1","-1","-1","-1","-1","-1","-1","-1","-1","-1","-1","-1","-1","-1","-1","-1","-1","-1","-1","-1","-1","-1","-1","-1","-1","-1","-1","-1","-1","-1","-1","-1","-1","-1","-1","-1","-1","-1","-1","-1","-1","-1","-1","-1","-1","-1","-1","-1","-1","-1","-1","-1","-1","-1","-1","-1","-1","-1","-1","-1","-1","-1","-1","-1","-1","-1","-1","-1","-1","-1","-1","-1","-1","-1","-1","-1","-1","-1","-1","-1","-1","-1","-1","-1","-1","-1","-1","-1","-1","-1","-1","-1","-1","-1","-1","-1","-1","-1","-1","-1","-1","-1","-1","-1","-1","-1","-1","-1","-1","-1","-1","-1","-1","-1","-1","-1","-1","-1","-1","-1","-1","-1","-1","-1","-1","-1","-1","-1","-1","-1","-1","-1","-1","-1","-1","-1","-1"]]],"secondarydata":[[["0","0","0","0","0","0","0","0","0","0","0","0","0","0","0","0","0","0","0","0","0","0","0","0","0","0","0","0","0","0","0","0","0","0","0","0","0","0","0","0","0","0","0","0","0","0","0","0","0","0","0","0","0","0","0","0","0","0","0","0","0","0","0","0","0","0","0","0","0","0","0","0","0","0","0","0","0","0","0","0","0","0","0","0","0","0","0","0","0","0","0","0","0","0","0","0","0","0","0","0","0","0","0","0","0","0","0","0","0","0","0","0","0","0","0","0","0","0","0","0","0","0","0","0","0","0","0","0","0","0","0","0","0","0","0","0","0","0","0","0","0","0","0","0","0","0","0","0","0","0","0","0","0","0","0","0","0","0","0","0","0","0","0","0","0","0","0","0","0","0","0","0","0","0","0","0","0","0","0","0","0","0","0","0","0","0","0","0","0","0","0","0","0","0","0","0","0","0","0","0","0","0","0","0","0","0"],["-1","-1","-1","-1","-1","-1","-1","-1","-1","-1","-1","-1","-1","-1","-1","-1","-1","-1","-1","-1","-1","-1","-1","-1","-1","-1","-1","-1","-1","-1","-1","-1","-1","-1","-1","-1","-1","-1","-1","-1","-1","-1","-1","-1","-1","-1","-1","-1","-1","-1","-1","-1","-1","-1","-1","-1","-1","-1","-1","-1","-1","-1","-1","-1","-1","-1","-1","-1","-1","-1","-1","-1","-1","-1","-1","-1","-1","-1","-1","-1","-1","-1","-1","-1","-1","-1","-1","-1","-1","-1","-1","-1","-1","-1","-1","-1","-1","-1","-1","-1","-1","-1","-1","-1","-1","-1","-1","-1","-1","-1","-1","-1","-1","-1","-1","-1","-1","-1","-1","-1","-1","-1","-1","-1","-1","-1","-1","-1","-1","-1","-1","-1","-1","-1","-1","-1","-1","-1","-1","-1","-1","-1","-1","-1","-1","-1","-1","-1","-1","-1","-1","-1","-1","-1","-1","-1","-1","-1","-1","-1","-1","-1","-1","-1","-1","-1","-1","-1","-1","-1","-1","-1","-1","-1","-1","-1","-1","-1","-1","-1","-1","-1","-1","-1","-1","-1","-1","-1","-1","-1","-1","-1","-1","-1","-1","-1","-1","-1","-1","-1","-1","-1","-1","-1","-1","-1"],["-1","-1","-1","-1","-1","-1","-1","-1","-1","-1","-1","-1","-1","-1","-1","-1","-1","-1","-1","-1","-1","-1","-1","-1","-1","-1","-1","-1","-1","-1","-1","-1","-1","-1","-1","-1","-1","-1","-1","-1","-1","-1","-1","-1","-1","-1","-1","-1","-1","-1","-1","-1","-1","-1","-1","-1","-1","-1","-1","-1","-1","-1","-1","-1","-1","-1","-1","-1","-1","-1","-1","-1","-1","-1","-1","-1","-1","-1","-1","-1","-1","-1","-1","-1","-1","-1","-1","-1","-1","-1","-1","-1","-1","-1","-1","-1","-1","-1","-1","-1","-1","-1","-1","-1","-1","-1","-1","-1","-1","-1","-1","-1","-1","-1","-1","-1","-1","-1","-1","-1","-1","-1","-1","-1","-1","-1","-1","-1","-1","-1","-1","-1","-1","-1","-1","-1","-1","-1","-1","-1","-1","-1","-1","-1","-1","-1","-1","-1","-1","-1","-1","-1","-1","-1","-1","-1","-1","-1","-1","-1","-1","-1","-1","-1","-1","-1","-1","-1","-1","-1","-1","-1","-1","-1","-1","-1","-1","-1","-1","-1","-1","-1","-1","-1","-1","-1","-1","-1","-1","-1","-1","-1","-1","-1","-1","-1","-1","-1","-1","-1","-1","-1","-1","-1","-1","-1"],["-1","-1","-1","-1","-1","-1","-1","-1","-1","-1","-1","-1","-1","-1","-1","-1","-1","-1","-1","-1","-1","-1","-1","-1","-1","-1","-1","-1","-1","-1","-1","-1","-1","-1","-1","-1","-1","-1","-1","-1","-1","-1","-1","-1","-1","-1","-1","-1","-1","-1","-1","-1","-1","-1","-1","-1","-1","-1","-1","-1","-1","-1","-1","-1","-1","-1","-1","-1","-1","-1","-1","-1","-1","-1","-1","-1","-1","-1","-1","-1","-1","-1","-1","-1","-1","-1","-1","-1","-1","-1","-1","-1","-1","-1","-1","-1","-1","-1","-1","-1","-1","-1","-1","-1","-1","-1","-1","-1","-1","-1","-1","-1","-1","-1","-1","-1","-1","-1","-1","-1","-1","-1","-1","-1","-1","-1","-1","-1","-1","-1","-1","-1","-1","-1","-1","-1","-1","-1","-1","-1","-1","-1","-1","-1","-1","-1","-1","-1","-1","-1","-1","-1","-1","-1","-1","-1","-1","-1","-1","-1","-1","-1","-1","-1","-1","-1","-1","-1","-1","-1","-1","-1","-1","-1","-1","-1","-1","-1","-1","-1","-1","-1","-1","-1","-1","-1","-1","-1","-1","-1","-1","-1","-1","-1","-1","-1","-1","-1","-1","-1","-1","-1","-1","-1","-1","-1"],["-1","-1","-1","-1","-1","-1","-1","-1","-1","-1","-1","-1","-1","-1","-1","-1","-1","-1","-1","-1","-1","-1","-1","-1","-1","-1","-1","-1","-1","-1","-1","-1","-1","-1","-1","-1","-1","-1","-1","-1","-1","-1","-1","-1","-1","-1","-1","-1","-1","-1","-1","-1","-1","-1","-1","-1","-1","-1","-1","-1","-1","-1","-1","-1","-1","-1","-1","-1","-1","-1","-1","-1","-1","-1","-1","-1","-1","-1","-1","-1","-1","-1","-1","-1","-1","-1","-1","-1","-1","-1","-1","-1","-1","-1","-1","-1","-1","-1","-1","-1","-1","-1","-1","-1","-1","-1","-1","-1","-1","-1","-1","-1","-1","-1","-1","-1","-1","-1","-1","-1","-1","-1","-1","-1","-1","-1","-1","-1","-1","-1","-1","-1","-1","-1","-1","-1","-1","-1","-1","-1","-1","-1","-1","-1","-1","-1","-1","-1","-1","-1","-1","-1","-1","-1","-1","-1","-1","-1","-1","-1","-1","-1","-1","-1","-1","-1","-1","-1","-1","-1","-1","-1","-1","-1","-1","-1","-1","-1","-1","-1","-1","-1","-1","-1","-1","-1","-1","-1","-1","-1","-1","-1","-1","-1","-1","-1","-1","-1","-1","-1","-1","-1","-1","-1","-1","-1"],["-1","-1","-1","-1","-1","-1","-1","-1","-1","-1","-1","-1","-1","-1","-1","-1","-1","-1","-1","-1","-1","-1","-1","-1","-1","-1","-1","-1","-1","-1","-1","-1","-1","-1","-1","-1","-1","-1","-1","-1","-1","-1","-1","-1","-1","-1","-1","-1","-1","-1","-1","-1","-1","-1","-1","-1","-1","-1","-1","-1","-1","-1","-1","-1","-1","-1","-1","-1","-1","-1","-1","-1","-1","-1","-1","-1","-1","-1","-1","-1","-1","-1","-1","-1","-1","-1","-1","-1","-1","-1","-1","-1","-1","-1","-1","-1","-1","-1","-1","-1","-1","-1","-1","-1","-1","-1","-1","-1","-1","-1","-1","-1","-1","-1","-1","-1","-1","-1","-1","-1","-1","-1","-1","-1","-1","-1","-1","-1","-1","-1","-1","-1","-1","-1","-1","-1","-1","-1","-1","-1","-1","-1","-1","-1","-1","-1","-1","-1","-1","-1","-1","-1","-1","-1","-1","-1","-1","-1","-1","-1","-1","-1","-1","-1","-1","-1","-1","-1","-1","-1","-1","-1","-1","-1","-1","-1","-1","-1","-1","-1","-1","-1","-1","-1","-1","-1","-1","-1","-1","-1","-1","-1","-1","-1","-1","-1","-1","-1","-1","-1","-1","-1","-1","-1","-1","-1"]]],"advanceddata":[[["-1","-1","-1","-1","-1","-1","-1","-1","-1","-1","-1","-1","-1","-1","-1","-1","-1","-1","-1","-1","-1","-1","-1","-1","-1","-1","-1","-1","-1","-1","-1","-1","-1","-1","-1","-1","-1","-1","-1","-1","-1","-1","-1","-1","-1","-1","-1","-1","-1","-1","-1","-1","-1","-1","-1","-1","-1","-1","-1","-1","-1","-1","-1","-1","-1","-1","-1","-1","-1","-1","-1","-1","-1","-1","-1","-1","-1","-1","-1","-1","-1","-1","-1","-1","-1","-1","-1","-1","-1","-1","-1","-1","-1","-1","-1","-1","-1","-1","-1","-1","-1","-1","-1","-1","-1","-1","-1","-1","-1","-1","-1","-1","-1","-1","-1","-1","-1","-1","-1","-1","-1","-1","-1","-1","-1","-1","-1","-1","-1","-1","-1","-1","-1","-1","-1","-1","-1","-1","-1","-1","-1","-1","-1","-1","-1","-1","-1","-1","-1","-1","-1","-1","-1","-1","-1","-1","-1","-1","-1","-1","-1","-1","-1","-1","-1","-1","-1","-1","-1","-1","-1","-1","-1","-1","-1","-1","-1","-1","-1","-1","-1","-1","-1","-1","-1","-1","-1","-1","-1","-1","-1","-1","-1","-1","-1","-1","-1","-1","-1","-1","-1","-1","-1","-1","-1","-1"],["-1","-1","-1","-1","-1","-1","-1","-1","-1","-1","-1","-1","-1","-1","-1","-1","-1","-1","-1","-1","-1","-1","-1","-1","-1","-1","-1","-1","-1","-1","-1","-1","-1","-1","-1","-1","-1","-1","-1","-1","-1","-1","-1","-1","-1","-1","-1","-1","-1","-1","-1","-1","-1","-1","-1","-1","-1","-1","-1","-1","-1","-1","-1","-1","-1","-1","-1","-1","-1","-1","-1","-1","-1","-1","-1","-1","-1","-1","-1","-1","-1","-1","-1","-1","-1","-1","-1","-1","-1","-1","-1","-1","-1","-1","-1","-1","-1","-1","-1","-1","-1","-1","-1","-1","-1","-1","-1","-1","-1","-1","-1","-1","-1","-1","-1","-1","-1","-1","-1","-1","-1","-1","-1","-1","-1","-1","-1","-1","-1","-1","-1","-1","-1","-1","-1","-1","-1","-1","-1","-1","-1","-1","-1","-1","-1","-1","-1","-1","-1","-1","-1","-1","-1","-1","-1","-1","-1","-1","-1","-1","-1","-1","-1","-1","-1","-1","-1","-1","-1","-1","-1","-1","-1","-1","-1","-1","-1","-1","-1","-1","-1","-1","-1","-1","-1","-1","-1","-1","-1","-1","-1","-1","-1","-1","-1","-1","-1","-1","-1","-1","-1","-1","-1","-1","-1","-1"],["-1","-1","-1","-1","-1","-1","-1","-1","-1","-1","-1","-1","-1","-1","-1","-1","-1","-1","-1","-1","-1","-1","-1","-1","-1","-1","-1","-1","-1","-1","-1","-1","-1","-1","-1","-1","-1","-1","-1","-1","-1","-1","-1","-1","-1","-1","-1","-1","-1","-1","-1","-1","-1","-1","-1","-1","-1","-1","-1","-1","-1","-1","-1","-1","-1","-1","-1","-1","-1","-1","-1","-1","-1","-1","-1","-1","-1","-1","-1","-1","-1","-1","-1","-1","-1","-1","-1","-1","-1","-1","-1","-1","-1","-1","-1","-1","-1","-1","-1","-1","-1","-1","-1","-1","-1","-1","-1","-1","-1","-1","-1","-1","-1","-1","-1","-1","-1","-1","-1","-1","-1","-1","-1","-1","-1","-1","-1","-1","-1","-1","-1","-1","-1","-1","-1","-1","-1","-1","-1","-1","-1","-1","-1","-1","-1","-1","-1","-1","-1","-1","-1","-1","-1","-1","-1","-1","-1","-1","-1","-1","-1","-1","-1","-1","-1","-1","-1","-1","-1","-1","-1","-1","-1","-1","-1","-1","-1","-1","-1","-1","-1","-1","-1","-1","-1","-1","-1","-1","-1","-1","-1","-1","-1","-1","-1","-1","-1","-1","-1","-1","-1","-1","-1","-1","-1","-1"]]]}