{
  "ORP": [
    {
      "name": "Zlín",
      "url": "https://www.windguru.cz/343224"
    },
    {
      "name": "Praha",
      "url": "https://www.windguru.cz/343197"
    },
    {
      "name": "Středočeský",
      "url": "https://www.windguru.cz/343166"
    },
    {
      "name": "Jihočeský",
      "url": "https://www.windguru.cz/343194"
    },
    {
      "name": "Plzeňský",
      "url": "https://www.windguru.cz/939105"
    },
    {
      "name": "Karlovarský",
      "url": "https://www.windguru.cz/343206"
    },
    {
      "name": "Ústecký",
      "url": "https://www.windguru.cz/550506"
    },
    {
      "name": "Liberecký",
      "url": "https://www.windguru.cz/343172"
    },
    {
      "name": "Královehradecký",
      "url": "https://www.windguru.cz/736266"
    },
    {
      "name": "Pardubický",
      "url": "https://www.windguru.cz/343220"
    },
    {
      "name": "Vysočina",
      "url": "https://www.windguru.cz/47333"
    },
    {
      "name": "Jihomoravský",
      "url": "https://www.windguru.cz/752827"
    },
    {
      "name": "Olomoucký",
      "url": "https://www.windguru.cz/343189"
    },
    {
      "name": "Moravskoslezský",
      "url": "https://www.windguru.cz/1919"
    }
  ],
  "Debug": false,
  "Delay": 400,
  "Timeout": 610000,
  "Time": [
    4,
    11
  ]
}