{
    "regions": {
        "Mohelnice": {
            "S": -1,
            "SV": 0,
            "V": 1,
            "JV": 2,
            "J": 3,
            "JZ": 2,
            "Z": 1,
            "SZ": 0
        },
        "Aš": {
            "S": -1,
            "SV": 0,
            "V": 1,
            "JV": 2,
            "J": 3,
            "JZ": 2,
            "Z": 1,
            "SZ": 0
        },
        "Zlín": {
            "S": -1,
            "SV": 0,
            "V": 1,
            "JV": 2,
            "J": 3,
            "JZ": 2,
            "Z": 1,
            "SZ": 0
        }
    },
    "data":[0,0,0,0,0,0,0,0,0,0,0,0,0,0,0,0,0,0,0,0,0,0,0,0,0,0,0,0,0,0,0,0,0,0,0,0,0,0,0,0,0,0,0,3,0,0,0,0,0,0,0,0,0,0,0,0,0,0,0,0,0,0,0,0,0,0,0,0,0,0,0,0,0,0,0,0,0,0,0,0,0,0,0,0,0,0,0,0,0,0,1,0,0,0,0,0,0,0,0,0,0,0,0,0,0,0,0,0,0,0,0,0,0,0,0,0,0,0,0,0,0,0,0,0,0,0,0,0,0,0,0,0,0,0,0,0,0,0,0,0,0,0,0,0,0,2,0,0,0,0,0,0,0,0,0,0,0,0,0,0,0,0,0,0,0,0,0,0,0,0,0,0,0,0,0,0,0,0,0,0,0,0,0,0,0,0,0,0,0,0,0,0,0,0,0,0,0,0,0,0,0,0,0,0,0,0],
    "wrf":"03.png"
}